IMG_URL,TITLE
https://astrogeology.usgs.gov/images/usgs_logo_main_2x.png,USGS: Science for a Changing World
https://astrogeology.usgs.gov/images/logos/nasa-logo-web-med.png,NASA
https://astrogeology.usgs.gov/images/pds_logo-invisible-web.png,PDS Cartography and Imaging Science Node
https://astrogeology.usgs.gov/images/astropedia/astropedia-logo-main.png,Astropedia
https://astrogeology.usgs.gov/cache/images/dfaf3849e74bf973b59eb50dab52b583_cerberus_enhanced.tif_thumb.png,Cerberus Hemisphere Enhanced thumbnail
https://astrogeology.usgs.gov/cache/images/7677c0a006b83871b5a2f66985ab5857_schiaparelli_enhanced.tif_thumb.png,Schiaparelli Hemisphere Enhanced thumbnail
https://astrogeology.usgs.gov/cache/images/aae41197e40d6d4f3ea557f8cfe51d15_syrtis_major_enhanced.tif_thumb.png,Syrtis Major Hemisphere Enhanced thumbnail
https://astrogeology.usgs.gov/cache/images/04085d99ec3713883a9a57f42be9c725_valles_marineris_enhanced.tif_thumb.png,Valles Marineris Hemisphere Enhanced thumbnail
https://astrogeology.usgs.gov/images/logos/isis_2x.jpg,ISIS Logo
https://astrogeology.usgs.gov/images/logos/nomenclature_2x.jpg,Nomenclature Logo
https://astrogeology.usgs.gov/images/logos/map_a_planet_2x.jpg,Map-a-Planet Logo
https://astrogeology.usgs.gov/images/pds_logo-black-web.png,PDS Logo
https://astrogeology.usgs.gov/images/logos/rpif_2x.jpg,RPIF Logo
https://astrogeology.usgs.gov/images/logos/photogrammetry_2x.jpg,Photogrammetry Guest Faciltiy Logo
https://astrogeology.usgs.gov/images/logos/pilot_2x.jpg,Pilot Logo
https://astrogeology.usgs.gov/images/logos/mrctr_man_2x.png,MRCTR GIS Lab Logo
