Nasa_Image,Img_name
https://www.jpl.nasa.gov/assets/images/logo_nasa_trio_black@2x.png,
https://www.jpl.nasa.gov/assets/images/logo_nasa_trio_black@2x.png,
https://www.jpl.nasa.gov/assets/images/overlay-arrow.png,more arrow
https://www.jpl.nasa.gov/spaceimages/images/wallpaper/PIA23563-640x350.jpg,Phlegethon Catena
https://www.jpl.nasa.gov/assets/images/overlay-arrow.png,more arrow
https://www.jpl.nasa.gov/spaceimages/images/wallpaper/PIA23562-640x350.jpg,Kasei Valles
https://www.jpl.nasa.gov/assets/images/overlay-arrow.png,more arrow
https://www.jpl.nasa.gov/spaceimages/images/wallpaper/PIA23561-640x350.jpg,Shalbatana Vallis
https://www.jpl.nasa.gov/assets/images/overlay-arrow.png,more arrow
https://www.jpl.nasa.gov/spaceimages/images/wallpaper/PIA23545-640x350.jpg,Crater Rim Channels
https://www.jpl.nasa.gov/assets/images/overlay-arrow.png,more arrow
https://www.jpl.nasa.gov/spaceimages/images/wallpaper/PIA23511-640x350.jpg,Jezero Crater
https://www.jpl.nasa.gov/assets/images/overlay-arrow.png,more arrow
https://www.jpl.nasa.gov/spaceimages/images/wallpaper/PIA23380-640x350.jpg,Jezero Crater Minerals
https://www.jpl.nasa.gov/assets/images/overlay-arrow.png,more arrow
https://www.jpl.nasa.gov/spaceimages/images/wallpaper/PIA23539-640x350.jpg,Olympia Undae
https://www.jpl.nasa.gov/assets/images/overlay-arrow.png,more arrow
https://www.jpl.nasa.gov/spaceimages/images/wallpaper/PIA23512-640x350.jpg,InSight
https://www.jpl.nasa.gov/assets/images/overlay-arrow.png,more arrow
https://www.jpl.nasa.gov/spaceimages/images/wallpaper/PIA23538-640x350.jpg,Micoud Crater
https://www.jpl.nasa.gov/assets/images/overlay-arrow.png,more arrow
https://www.jpl.nasa.gov/spaceimages/images/wallpaper/PIA23537-640x350.jpg,Terraced Wall Crater
https://www.jpl.nasa.gov/assets/images/overlay-arrow.png,more arrow
https://www.jpl.nasa.gov/spaceimages/images/wallpaper/PIA23536-640x350.jpg,Lyot Crater Dunes
https://www.jpl.nasa.gov/assets/images/overlay-arrow.png,more arrow
https://www.jpl.nasa.gov/spaceimages/images/wallpaper/PIA23525-640x350.jpg,Chincoteague Crater
https://www.jpl.nasa.gov/assets/images/overlay-arrow.png,more arrow
https://www.jpl.nasa.gov/spaceimages/images/wallpaper/PIA23524-640x350.jpg,Nili Fossae
https://www.jpl.nasa.gov/assets/images/overlay-arrow.png,more arrow
https://www.jpl.nasa.gov/spaceimages/images/wallpaper/PIA23523-640x350.jpg,Aromatum Chaos
https://www.jpl.nasa.gov/assets/images/overlay-arrow.png,more arrow
https://www.jpl.nasa.gov/spaceimages/images/wallpaper/PIA23522-640x350.jpg,Medusae Fossae
https://www.jpl.nasa.gov/assets/images/overlay-arrow.png,more arrow
https://www.jpl.nasa.gov/spaceimages/images/wallpaper/PIA23521-640x350.jpg,Idaeus Fossae
https://www.jpl.nasa.gov/assets/images/overlay-arrow.png,more arrow
https://www.jpl.nasa.gov/spaceimages/images/wallpaper/PIA23213-640x350.jpg,InSight
https://www.jpl.nasa.gov/assets/images/overlay-arrow.png,more arrow
https://www.jpl.nasa.gov/spaceimages/images/wallpaper/PIA23510-640x350.jpg,Indus Vallis
https://www.jpl.nasa.gov/assets/images/overlay-arrow.png,more arrow
https://www.jpl.nasa.gov/spaceimages/images/wallpaper/PIA23378-640x350.jpg,Curiosity at Glen Etive
https://www.jpl.nasa.gov/assets/images/overlay-arrow.png,more arrow
https://www.jpl.nasa.gov/spaceimages/images/wallpaper/PIA23509-640x350.jpg,Dark Slope Streaks
https://www.jpl.nasa.gov/assets/images/overlay-arrow.png,more arrow
https://www.jpl.nasa.gov/spaceimages/images/wallpaper/PIA23508-640x350.jpg,Indus Vallis Tributaries
https://www.jpl.nasa.gov/assets/images/overlay-arrow.png,more arrow
https://www.jpl.nasa.gov/spaceimages/images/wallpaper/PIA23507-640x350.jpg,Hephaestus Fossae
https://www.jpl.nasa.gov/assets/images/overlay-arrow.png,more arrow
https://www.jpl.nasa.gov/spaceimages/images/wallpaper/PIA23530-640x350.jpg,Enigmatic Canyon Dunes
https://www.jpl.nasa.gov/assets/images/overlay-arrow.png,more arrow
https://www.jpl.nasa.gov/spaceimages/images/wallpaper/PIA23529-640x350.jpg,Pristine Dust Deposits in Syria Planum
https://www.jpl.nasa.gov/assets/images/overlay-arrow.png,more arrow
https://www.jpl.nasa.gov/spaceimages/images/wallpaper/PIA23528-640x350.jpg,Down in Chukhung Crater
https://www.jpl.nasa.gov/assets/images/overlay-arrow.png,more arrow
https://www.jpl.nasa.gov/spaceimages/images/wallpaper/PIA23527-640x350.jpg,A Martian Game Board
https://www.jpl.nasa.gov/assets/images/overlay-arrow.png,more arrow
https://www.jpl.nasa.gov/spaceimages/images/wallpaper/PIA23506-640x350.jpg,Athabasca Valles
https://www.jpl.nasa.gov/assets/images/overlay-arrow.png,more arrow
https://www.jpl.nasa.gov/spaceimages/images/wallpaper/PIA23505-640x350.jpg,Uranius Fossae
https://www.jpl.nasa.gov/assets/images/overlay-arrow.png,more arrow
https://www.jpl.nasa.gov/spaceimages/images/wallpaper/PIA23379-640x350.jpg,Pinning Helps the Mole Move
https://www.jpl.nasa.gov/assets/images/overlay-arrow.png,more arrow
https://www.jpl.nasa.gov/spaceimages/images/wallpaper/PIA23504-640x350.jpg,Elysium Fossae
https://www.jpl.nasa.gov/assets/images/overlay-arrow.png,more arrow
https://www.jpl.nasa.gov/spaceimages/images/wallpaper/PIA23377-640x350.jpg,HiRISE Watches Curiosity Journey Across the Clay Unit
https://www.jpl.nasa.gov/assets/images/overlay-arrow.png,more arrow
https://www.jpl.nasa.gov/spaceimages/images/wallpaper/PIA23376-640x350.jpg,The Best View of InSight
https://www.jpl.nasa.gov/assets/images/content/tmp/images/jpl_photojournal(3x1).jpg,jpl photojournal
https://www.jpl.nasa.gov/assets/images/content/tmp/images/nasa_images(3x1).jpg,Great images in NASA
https://www.jpl.nasa.gov/assets/images/overlay-arrow.png,more arrow
https://www.jpl.nasa.gov//imagecache.jpl.nasa.gov/images/640x350/PIA22317-16-640x350.jpg,Engineer Joel Steinkraus
https://www.jpl.nasa.gov/assets/images/overlay-arrow.png,more arrow
https://www.jpl.nasa.gov//imagecache.jpl.nasa.gov/images/640x350/PIA22487-16-640x350.gif,Side-by-side movies shows how dust has enveloped the Red Planet
https://www.jpl.nasa.gov/assets/images/overlay-arrow.png,more arrow
https://www.jpl.nasa.gov//imagecache.jpl.nasa.gov/images/640x350/PIA23305-16-640x350.jpg,
